Date,Ticker,Close,Volume
2025-06-23,AAPL,200.70376586914065,55814300
2025-06-24,AAPL,199.5084991455078,54064000
2025-06-25,AAPL,200.76351928710935,39525700
2025-06-26,AAPL,200.2057647705078,50799100
2025-06-27,AAPL,200.2854461669922,73188600
2025-06-30,AAPL,204.3592529296875,91912800
2025-07-01,AAPL,206.9987945556641,78788900
2025-07-02,AAPL,211.6005401611328,67941800
2025-07-03,AAPL,212.7061462402344,34955800
2025-07-07,AAPL,209.1203765869141,50229000
2025-07-08,AAPL,209.1801300048828,42848900
2025-07-09,AAPL,210.30567932128903,48749400
2025-07-10,AAPL,211.57064819335935,44443600
2025-07-11,AAPL,210.3256072998047,39765800
2025-07-14,AAPL,207.7956085205078,38840100
2025-07-15,AAPL,208.28369140625,42296300
2025-07-16,AAPL,209.3295440673828,47490500
2025-07-17,AAPL,209.19009399414065,48068100
2025-07-18,AAPL,210.3455047607422,48974600
2025-07-21,AAPL,211.64036560058597,51377400
2025-07-22,AAPL,213.5527801513672,46404100
2025-07-23,AAPL,213.30377197265625,46989300
2025-07-24,AAPL,212.91531372070312,46022600
2025-07-25,AAPL,213.0348358154297,40268800
2025-07-28,AAPL,213.2041931152344,37858000
2025-07-29,AAPL,210.43516540527344,51411700
2025-07-30,AAPL,208.22393798828125,45512500
2025-07-31,AAPL,206.7497711181641,80698400
2025-08-01,AAPL,201.58029174804688,104434500
2025-08-04,AAPL,202.5464630126953,75109300
2025-08-05,AAPL,202.1181488037109,44155100
2025-08-06,AAPL,212.40733337402344,108483100
2025-08-07,AAPL,219.16053771972656,90224800
2025-08-08,AAPL,228.44371032714844,113854000
2025-08-11,AAPL,226.53909301757807,61806100
2025-08-12,AAPL,229.0021209716797,55626200
2025-08-13,AAPL,232.6717529296875,69878500
2025-08-14,AAPL,232.123291015625,51916300
2025-08-15,AAPL,230.9366455078125,56038700
2025-08-18,AAPL,230.23863220214844,37476200
2025-08-19,AAPL,229.90956115722656,39402600
2025-08-20,AAPL,225.3723907470703,42263900
2025-08-21,AAPL,224.2655334472656,30621200
2025-08-22,AAPL,227.11746215820312,42477800
2025-08-25,AAPL,226.51914978027344,30983100
2025-08-26,AAPL,228.6630859375,54575100
2025-08-27,AAPL,229.8397674560547,31259500
2025-08-28,AAPL,231.9039306640625,38074700
2025-08-29,AAPL,231.485107421875,39418400
2025-09-02,AAPL,229.0719451904297,44075600
2025-09-03,AAPL,237.79725646972656,66427800
2025-09-04,AAPL,239.10354614257807,47549400
2025-09-05,AAPL,239.0137939453125,54870400
2025-09-08,AAPL,237.2089080810547,48999500
2025-09-09,AAPL,233.6888732910156,66313900
2025-09-10,AAPL,226.1501922607422,83440800
2025-09-11,AAPL,229.3810577392578,50208600
2025-09-12,AAPL,233.40966796875,55824200
2025-09-15,AAPL,236.0322265625,42699500
2025-09-16,AAPL,237.4781494140625,63421100
2025-09-17,AAPL,238.3157958984375,46508000
2025-09-18,AAPL,237.2089080810547,44249600
2025-09-19,AAPL,244.8074188232422,163741300
2025-09-22,AAPL,255.3575592041016,105517400
2025-09-23,AAPL,253.71221923828125,60275200
2025-09-24,AAPL,251.59820556640625,42303700
2025-09-25,AAPL,256.14532470703125,55202100
2025-09-26,AAPL,254.73931884765625,46076300
2025-09-29,AAPL,253.71221923828125,40127700
2025-09-30,AAPL,253.9116668701172,37704300
2025-10-01,AAPL,254.72933959960935,48713900
2025-10-02,AAPL,256.40460205078125,42630200
2025-10-03,AAPL,257.2920837402344,49155600
2025-10-06,AAPL,255.96583557128903,44664100
2025-10-07,AAPL,255.75645446777344,31955800
2025-10-08,AAPL,257.3320007324219,36496900
2025-10-09,AAPL,253.32330322265625,38322000
2025-10-10,AAPL,244.57806396484372,61999100
2025-10-13,AAPL,246.9613342285156,38142900
2025-10-14,AAPL,247.07101440429688,35478000
2025-10-15,AAPL,248.63658142089844,33893600
2025-10-16,AAPL,246.75192260742188,39777000
2025-10-17,AAPL,251.5782470703125,49147000
2025-10-20,AAPL,261.50018310546875,90483000
2025-10-21,AAPL,262.0286560058594,46695900
2025-10-22,AAPL,257.72088623046875,45015300
2025-10-23,AAPL,258.84765625,32754900
2025-10-24,AAPL,262.0785827636719,38253700
2025-10-27,AAPL,268.0516662597656,44888200
2025-10-28,AAPL,268.2411193847656,41534800
2025-10-29,AAPL,268.93914794921875,51086700
2025-10-30,AAPL,270.63433837890625,69886500
2025-10-31,AAPL,269.6072692871094,86167100
2025-11-03,AAPL,268.2909545898437,50194600
2025-11-04,AAPL,269.2781982421875,49274800
2025-11-05,AAPL,269.3779296875,43683100
2025-11-06,AAPL,269.0089416503906,51204000
2025-11-07,AAPL,267.7126159667969,48227400
2025-11-10,AAPL,268.93035888671875,41312400
2025-11-11,AAPL,274.73956298828125,46208300
2025-11-12,AAPL,272.9628601074219,48398000
2025-11-13,AAPL,272.44384765625,49602800
2025-11-14,AAPL,271.9048156738281,47431300
2025-11-17,AAPL,266.9639892578125,45018300
2025-11-18,AAPL,266.9440612792969,45677300
2025-11-19,AAPL,268.0619506835937,40424500
2025-11-20,AAPL,265.7562561035156,45823600
2025-11-21,AAPL,270.98651123046875,59030800
2025-11-24,AAPL,275.4083251953125,65585800
2025-11-25,AAPL,276.4563903808594,46914200
2025-11-26,AAPL,277.0352783203125,33431400
2025-11-28,AAPL,278.3328857421875,20135600
2025-12-01,AAPL,282.57501220703125,46587700
2025-12-02,AAPL,285.6592712402344,53669500
2025-12-03,AAPL,283.623046875,43538700
2025-12-04,AAPL,280.179443359375,43989100
2025-12-05,AAPL,278.26300048828125,47265800
2025-12-08,AAPL,277.3746643066406,38211800
2025-12-09,AAPL,276.6659545898437,32193300
2025-12-10,AAPL,278.26300048828125,33038300
2025-12-11,AAPL,277.514404296875,33248000
2025-12-12,AAPL,277.7639465332031,39532900
2025-12-15,AAPL,273.6016540527344,50409100
2025-12-16,AAPL,274.1007385253906,37648600
2025-12-17,AAPL,271.3358764648437,50138700
2025-12-18,AAPL,271.68524169921875,51630700
2025-12-19,AAPL,273.1625061035156,144632000
2025-12-22,AAPL,270.4674987792969,36571800
2025-12-23,AAPL,271.8549194335937,29642000
2025-12-24,AAPL,273.3022155761719,17910600
2025-12-26,AAPL,272.8929748535156,21521800
2025-12-29,AAPL,273.2523498535156,23715200
2025-12-30,AAPL,272.5735778808594,22139600
2025-12-31,AAPL,271.3558349609375,27293600
2026-01-02,AAPL,270.5074157714844,37838100
2026-01-05,AAPL,266.7643737792969,45647200
2026-01-06,AAPL,261.8734436035156,52352100
2026-01-07,AAPL,259.8471984863281,48309800
2026-01-08,AAPL,258.55963134765625,50419300
2026-01-09,AAPL,258.8890075683594,39997000
2026-01-12,AAPL,259.76739501953125,45263800
2026-01-13,AAPL,260.5658874511719,45730800
2026-01-14,AAPL,259.4779052734375,40019400
2026-01-15,AAPL,257.73114013671875,39388600
2026-01-16,AAPL,255.0561370849609,72142800
2026-01-20,AAPL,246.2425079345703,80267500
2026-01-21,AAPL,247.1907501220703,54641700
2026-01-22,AAPL,247.8894500732422,39708300
2026-01-23,AAPL,247.58001708984372,41689000
2026-01-26,AAPL,254.9363555908203,55969200
2026-01-27,AAPL,257.791015625,49648300
2026-01-28,AAPL,255.96446228027344,41288000
2026-01-29,AAPL,257.801025390625,67253000
2026-01-30,AAPL,258.9988098144531,92443400
2026-02-02,AAPL,269.5093078613281,73913400
2026-02-03,AAPL,268.98028564453125,64394700
2026-02-04,AAPL,275.97723388671875,90545700
2026-02-05,AAPL,275.3983459472656,52977400
2026-02-06,AAPL,277.6042175292969,50453400
2026-02-09,AAPL,274.3672180175781,44623400
2026-02-10,AAPL,273.4280700683594,34376900
2026-02-11,AAPL,275.24639892578125,51931300
2026-02-12,AAPL,261.4891052246094,81077200
2026-02-13,AAPL,255.5445556640625,56290700
2026-02-17,AAPL,263.6371154785156,58469100
2026-02-18,AAPL,264.106689453125,34203300
2026-02-19,AAPL,260.3401184082031,30845300
2026-02-20,AAPL,264.3364562988281,42070500
2026-02-23,AAPL,265.9349670410156,37308200
2026-02-24,AAPL,271.8895263671875,47014600
2026-02-25,AAPL,273.97760009765625,33714300
2026-02-26,AAPL,272.6987609863281,32345100
2026-02-27,AAPL,263.93682861328125,72366500
2026-03-02,AAPL,264.476318359375,41827900
2026-03-03,AAPL,263.5072326660156,38568900
2026-03-04,AAPL,262.2783508300781,39803100
2026-03-05,AAPL,260.0504150390625,49658600
2026-03-06,AAPL,257.2229919433594,41120000
2026-03-09,AAPL,259.6407775878906,38218500
2026-03-10,AAPL,260.58990478515625,30590800
2026-03-11,AAPL,260.5699157714844,26218900
2026-03-12,AAPL,255.52456665039065,40794000
2026-03-13,AAPL,249.8897705078125,36930000
2026-03-16,AAPL,252.58729553222656,32074200
2026-03-17,AAPL,253.99598693847656,32361600
2026-03-18,AAPL,249.7099456787109,35757900
2026-03-19,AAPL,248.73085021972656,34864100
2026-03-20,AAPL,247.76173400878903,88331100
2026-03-23,AAPL,251.25851440429688,40546100
2026-03-24,AAPL,251.4083709716797,45152300
2026-03-25,AAPL,252.3874664306641,28476700
2026-03-26,AAPL,252.6572265625,41796700
2026-03-27,AAPL,248.57098388671875,47900000
2026-03-30,AAPL,246.40298461914065,39446200
2026-03-31,AAPL,253.55638122558597,49598100
2026-04-01,AAPL,255.3946990966797,40059400
2026-04-02,AAPL,255.68443298339844,31289400
2026-04-06,AAPL,258.6217041015625,29329900
2026-04-07,AAPL,253.26666259765625,62148000
2026-04-08,AAPL,258.66168212890625,41032800
2026-04-09,AAPL,260.2502136230469,28121600
2026-04-10,AAPL,260.240234375,31291500
2026-04-13,AAPL,258.96142578125,36234700
2026-04-14,AAPL,258.5917358398437,48370700
2026-04-15,AAPL,266.18475341796875,49913500
2026-04-16,AAPL,263.15753173828125,43323100
2026-04-17,AAPL,269.98126220703125,61436200
2026-04-20,AAPL,272.79864501953125,36590200
2026-04-21,AAPL,265.9250183105469,50209800
2026-04-22,AAPL,272.9185791015625,43249200
2026-04-23,AAPL,273.1783142089844,33399600
2026-04-24,AAPL,270.8104858398437,38157100
2026-04-27,AAPL,267.3636474609375,41466800
2026-04-28,AAPL,270.4608154296875,40018900
2026-04-29,AAPL,269.9213256835937,30047900
2026-04-30,AAPL,271.1002502441406,91848200
2026-05-01,AAPL,279.88214111328125,79915400
2026-05-04,AAPL,276.5751647949219,46668400
2026-05-05,AAPL,283.9184265136719,49311700
2026-05-06,AAPL,287.245361328125,58336100
2026-05-07,AAPL,287.1754150390625,45224300
2026-05-08,AAPL,293.0500183105469,52692800
2026-05-11,AAPL,292.67999267578125,42247300
2026-05-12,AAPL,294.79998779296875,45748100
2026-05-13,AAPL,298.8699951171875,52684300
2026-05-14,AAPL,298.2099914550781,35324900
2026-05-15,AAPL,300.2300109863281,54862800
2026-05-18,AAPL,297.8399963378906,34483000
2026-05-19,AAPL,298.9700012207031,42243600
2026-05-20,AAPL,302.25,38229800
2026-05-21,AAPL,304.989990234375,42965100
2026-05-22,AAPL,308.82000732421875,43670200
2026-05-26,AAPL,308.3299865722656,48000500
2026-05-27,AAPL,310.8500061035156,50430900
2026-05-28,AAPL,312.510009765625,48220400
2026-05-29,AAPL,312.0599975585937,70026800
2026-06-01,AAPL,306.3099975585937,48849900
2026-06-02,AAPL,315.20001220703125,44534700
2026-06-03,AAPL,310.260009765625,50836700
2026-06-04,AAPL,311.2300109863281,44869100
2026-06-05,AAPL,307.3399963378906,65310500
2026-06-08,AAPL,301.5400085449219,77949100
2026-06-09,AAPL,290.54998779296875,70108800
2026-06-10,AAPL,291.5799865722656,52793300
2026-06-11,AAPL,295.6300048828125,42572500
2026-06-12,AAPL,291.1300048828125,38742100
2026-06-15,AAPL,296.4200134277344,45732600
2026-06-16,AAPL,299.239990234375,39874400
2026-06-17,AAPL,295.95001220703125,42745100
2026-06-18,AAPL,298.010009765625,85962200
2026-06-22,AAPL,297.010009765625,44812800
2025-06-23,MSFT,482.1488037109375,24864000
2025-06-24,MSFT,486.2261962890625,22305600
2025-06-25,MSFT,488.369140625,17495100
2025-06-26,MSFT,493.5080871582031,21578900
2025-06-27,MSFT,492.0100402832031,34539200
2025-06-30,MSFT,493.4684143066406,28369000
2025-07-01,MSFT,488.1508483886719,19945400
2025-07-02,MSFT,487.198486328125,16319600
2025-07-03,MSFT,494.8870544433594,13984800
2025-07-07,MSFT,493.7759399414063,13981600
2025-07-08,MSFT,492.6846008300781,11846600
2025-07-09,MSFT,499.5200500488281,18659500
2025-07-10,MSFT,497.5061340332031,16492100
2025-07-11,MSFT,499.3315734863281,16459500
2025-07-14,MSFT,499.033935546875,12058800
2025-07-15,MSFT,501.811767578125,14927200
2025-07-16,MSFT,501.61334228515625,15154400
2025-07-17,MSFT,507.6451721191406,17503100
2025-07-18,MSFT,506.00823974609375,21209700
2025-07-21,MSFT,506.0181274414063,14066800
2025-07-22,MSFT,501.2660827636719,13868600
2025-07-23,MSFT,501.861328125,16396600
2025-07-24,MSFT,506.8316345214844,16107000
2025-07-25,MSFT,509.6392517089844,19125700
2025-07-28,MSFT,508.4387817382813,14308000
2025-07-29,MSFT,508.50823974609375,16469200
2025-07-30,MSFT,509.17291259765625,26380400
2025-07-31,MSFT,529.2723388671875,51617300
2025-08-01,MSFT,519.956787109375,28977600
2025-08-04,MSFT,531.3955078125,25349000
2025-08-05,MSFT,523.5679931640625,19171600
2025-08-06,MSFT,520.7802734375,21355700
2025-08-07,MSFT,516.7127685546875,16079100
2025-08-08,MSFT,517.9031982421875,15531000
2025-08-11,MSFT,517.6353149414062,20194400
2025-08-12,MSFT,525.046142578125,18667000
2025-08-13,MSFT,516.454833984375,19619200
2025-08-14,MSFT,518.3397216796875,20269100
2025-08-15,MSFT,516.0480346679688,25213300
2025-08-18,MSFT,513.0023193359375,23760600
2025-08-19,MSFT,505.7304382324219,21481000
2025-08-20,MSFT,501.7125854492188,27723000
2025-08-21,MSFT,501.0665893554688,18443300
2025-08-22,MSFT,504.037841796875,24324200
2025-08-25,MSFT,501.0865173339844,21638600
2025-08-26,MSFT,498.8804931640625,30835700
2025-08-27,MSFT,503.5509033203125,17277900
2025-08-28,MSFT,506.43267822265625,18015600
2025-08-29,MSFT,503.501220703125,20961600
2025-09-02,MSFT,501.9410705566406,18128000
2025-09-03,MSFT,502.1696472167969,16345100
2025-09-04,MSFT,504.7731628417969,15509500
2025-09-05,MSFT,491.8847961425781,31994800
2025-09-08,MSFT,495.0646362304688,16771000
2025-09-09,MSFT,495.2733154296875,14410500
2025-09-10,MSFT,497.2209777832031,21611800
2025-09-11,MSFT,497.8569641113281,18881600
2025-09-12,MSFT,506.6910095214844,23624900
2025-09-15,MSFT,512.1166381835938,17143800
2025-09-16,MSFT,505.83642578125,19711900
2025-09-17,MSFT,506.8102416992188,15816600
2025-09-18,MSFT,505.2501525878906,18913700
2025-09-19,MSFT,514.6704711914062,52474100
2025-09-22,MSFT,511.21240234375,20009300
2025-09-23,MSFT,506.0252685546875,19799600
2025-09-24,MSFT,506.9394226074219,13533700
2025-09-25,MSFT,503.8390808105469,15786500
2025-09-26,MSFT,508.24114990234375,16213100
2025-09-29,MSFT,511.36138916015625,17617800
2025-09-30,MSFT,514.6903686523438,19728200
2025-10-01,MSFT,516.4392700195312,22632300
2025-10-02,MSFT,512.4942016601562,21222900
2025-10-03,MSFT,514.0940551757812,15112300
2025-10-06,MSFT,525.2435302734375,21388600
2025-10-07,MSFT,520.682373046875,14615200
2025-10-08,MSFT,521.546875,13363400
2025-10-09,MSFT,519.1123657226562,18343600
2025-10-10,MSFT,507.7443237304688,24133800
2025-10-13,MSFT,510.8149108886719,14284200
2025-10-14,MSFT,510.3378601074219,14684300
2025-10-15,MSFT,510.1987915039063,14694700
2025-10-16,MSFT,508.3902282714844,15559600
2025-10-17,MSFT,510.3478698730469,19867800
2025-10-20,MSFT,513.53759765625,14665600
2025-10-21,MSFT,514.4021606445312,15586200
2025-10-22,MSFT,517.2639770507812,18962700
2025-10-23,MSFT,517.283935546875,14023500
2025-10-24,MSFT,520.314697265625,15532400
2025-10-27,MSFT,528.1749877929688,18734700
2025-10-28,MSFT,538.6585083007812,29986700
2025-10-29,MSFT,538.1417846679688,36023000
2025-10-30,MSFT,522.451171875,41023100
2025-10-31,MSFT,514.5512084960938,34006400
2025-11-03,MSFT,513.776123046875,22374700
2025-11-04,MSFT,511.0931701660156,20958700
2025-11-05,MSFT,503.9682312011719,23024300
2025-11-06,MSFT,493.9715576171875,27406500
2025-11-07,MSFT,493.6933288574219,24019800
2025-11-10,MSFT,502.8155517578125,26101500
2025-11-11,MSFT,505.4786682128906,17980000
2025-11-12,MSFT,507.9232177734375,26574900
2025-11-13,MSFT,500.1225891113281,25273100
2025-11-14,MSFT,506.9692687988281,28505700
2025-11-17,MSFT,504.2961730957031,19092800
2025-11-18,MSFT,490.6824035644531,33815100
2025-11-19,MSFT,484.0543823242188,23245300
2025-11-20,MSFT,476.3088684082031,26802500
2025-11-21,MSFT,470.0268249511719,31769200
2025-11-24,MSFT,471.8985290527344,34421000
2025-11-25,MSFT,474.8752136230469,28019800
2025-11-26,MSFT,483.3475036621094,25709100
2025-11-28,MSFT,489.8286743164063,14386700
2025-12-01,MSFT,484.5820007324219,23964000
2025-12-02,MSFT,487.82757568359375,19562700
2025-12-03,MSFT,475.6119689941406,34615100
2025-12-04,MSFT,478.7081604003906,22318200
2025-12-05,MSFT,481.0178833007813,22608700
2025-12-08,MSFT,488.8430480957031,21965900
2025-12-09,MSFT,489.8385925292969,14696100
2025-12-10,MSFT,476.4382629394531,35756200
2025-12-11,MSFT,481.3265075683594,24669200
2025-12-12,MSFT,476.4084167480469,21248100
2025-12-15,MSFT,472.7148742675781,23727700
2025-12-16,MSFT,474.2779235839844,20705600
2025-12-17,MSFT,474.0090942382813,24527200
2025-12-18,MSFT,481.8342590332031,28573500
2025-12-19,MSFT,483.7656555175781,70836100
2025-12-22,MSFT,482.7701110839844,16963000
2025-12-23,MSFT,484.6915588378906,14683600
2025-12-24,MSFT,485.8563232421875,5855900
2025-12-26,MSFT,485.5477294921875,8842200
2025-12-29,MSFT,484.9404296875,10893400
2025-12-30,MSFT,485.3187561035156,13944500
2025-12-31,MSFT,481.4758605957031,15601600
2026-01-02,MSFT,470.84320068359375,25571600
2026-01-05,MSFT,470.7536010742188,25250300
2026-01-06,MSFT,476.3885192871094,23037700
2026-01-07,MSFT,481.3265075683594,25564200
2026-01-08,MSFT,475.9902648925781,18162600
2026-01-09,MSFT,477.1550903320313,18491000
2026-01-12,MSFT,475.06439208984375,23519900
2026-01-13,MSFT,468.5832824707031,28545800
2026-01-14,MSFT,457.3433532714844,28184300
2026-01-15,MSFT,454.6354064941406,23225800
2026-01-16,MSFT,457.8211975097656,34246700
2026-01-20,MSFT,452.5048522949219,26130000
2026-01-21,MSFT,442.1409912109375,37980500
2026-01-22,MSFT,449.1398620605469,25349400
2026-01-23,MSFT,463.8841857910156,38000200
2026-01-26,MSFT,468.1949768066406,29291200
2026-01-27,MSFT,478.4493408203125,29213900
2026-01-28,MSFT,479.4946594238281,36875400
2026-01-29,MSFT,431.57806396484375,128855300
2026-01-30,MSFT,428.3822937011719,58566800
2026-02-02,MSFT,421.4929809570313,42219900
2026-02-03,MSFT,409.3868713378906,61424100
2026-02-04,MSFT,412.3536987304688,45012400
2026-02-05,MSFT,391.9246520996094,66289200
2026-02-06,MSFT,399.3615417480469,53515300
2026-02-09,MSFT,411.7662963867188,45480500
2026-02-10,MSFT,411.437744140625,44857900
2026-02-11,MSFT,402.5771789550781,42491000
2026-02-12,MSFT,400.0584106445313,40802400
2026-02-13,MSFT,399.5407409667969,34091600
2026-02-17,MSFT,395.1004943847656,32078800
2026-02-18,MSFT,397.8283386230469,23223400
2026-02-19,MSFT,397.5988464355469,28234000
2026-02-20,MSFT,396.37152099609375,34015200
2026-02-23,MSFT,383.6390686035156,43238300
2026-02-24,MSFT,388.1593017578125,33884700
2026-02-25,MSFT,399.7342224121094,43625500
2026-02-26,MSFT,400.851806640625,34405900
2026-02-27,MSFT,391.8912048339844,51367200
2026-03-02,MSFT,397.6886291503906,35474900
2026-03-03,MSFT,403.0570068359375,38199200
2026-03-04,MSFT,404.32427978515625,35808000
2026-03-05,MSFT,409.79241943359375,39001300
2026-03-06,MSFT,408.0761413574219,31123900
2026-03-09,MSFT,408.5251770019531,30131900
2026-03-10,MSFT,404.8830871582031,31706400
2026-03-11,MSFT,404.0049743652344,25512100
2026-03-12,MSFT,400.9914855957031,27263900
2026-03-13,MSFT,394.6951293945313,26848000
2026-03-16,MSFT,399.0856323242188,27733700
2026-03-17,MSFT,398.5467834472656,26228300
2026-03-18,MSFT,390.9432678222656,25908500
2026-03-19,MSFT,388.1792297363281,25138800
2026-03-20,MSFT,381.0447082519531,50853200
2026-03-23,MSFT,382.1722717285156,29680100
2026-03-24,MSFT,371.9344177246094,42733600
2026-03-25,MSFT,370.2381286621094,31181200
2026-03-26,MSFT,365.1790771484375,36836600
2026-03-27,MSFT,355.9989318847656,37883400
2026-03-30,MSFT,358.1842041015625,44797000
2026-03-31,MSFT,369.3699951171875,45244400
2026-04-01,MSFT,368.57171630859375,29417200
2026-04-02,MSFT,372.6528625488281,24099100
2026-04-06,MSFT,372.0741271972656,16146600
2026-04-07,MSFT,371.48541259765625,21443300
2026-04-08,MSFT,373.52099609375,33064800
2026-04-09,MSFT,372.26373291015625,30435300
2026-04-10,MSFT,370.0684814453125,28111100
2026-04-13,MSFT,383.539306640625,35745800
2026-04-14,MSFT,392.2604064941406,37504500
2026-04-15,MSFT,410.3312683105469,45063400
2026-04-16,MSFT,419.3517456054688,41642400
2026-04-17,MSFT,421.8762817382813,48568200
2026-04-20,MSFT,417.1664733886719,27582200
2026-04-21,MSFT,423.2433166503906,32048500
2026-04-22,MSFT,431.984375,29378200
2026-04-23,MSFT,414.8514709472656,38308000
2026-04-24,MSFT,423.7023010253906,27457400
2026-04-27,MSFT,423.9018859863281,30867300
2026-04-28,MSFT,428.3222961425781,30438100
2026-04-29,MSFT,423.5426330566406,38288300
2026-04-30,MSFT,406.8987121582031,70909400
2026-05-01,MSFT,413.5443115234375,31372400
2026-05-04,MSFT,412.72607421875,28066500
2026-05-05,MSFT,410.4909362792969,25700900
2026-05-06,MSFT,413.0653381347656,30285900
2026-05-07,MSFT,419.8606262207031,34942400
2026-05-08,MSFT,414.2228393554688,33383800
2026-05-11,MSFT,411.7681579589844,35657900
2026-05-12,MSFT,406.8887023925781,38594200
2026-05-13,MSFT,404.3342590332031,29667100
2026-05-14,MSFT,408.5451354980469,27077500
2026-05-15,MSFT,421.0081481933594,50771200
2026-05-18,MSFT,422.6246643066406,32564100
2026-05-19,MSFT,416.5178833007813,33018700
2026-05-20,MSFT,420.1499938964844,27864000
2026-05-21,MSFT,419.0899963378906,31393500
2026-05-22,MSFT,418.5700073242188,22390300
2026-05-26,MSFT,416.0299987792969,30398000
2026-05-27,MSFT,412.6700134277344,28901500
2026-05-28,MSFT,426.989990234375,47250500
2026-05-29,MSFT,450.239990234375,79654400
2026-06-01,MSFT,460.5199890136719,53628900
2026-06-02,MSFT,441.30999755859375,37036800
2026-06-03,MSFT,427.3399963378906,39037000
2026-06-04,MSFT,428.0499877929688,26899500
2026-06-05,MSFT,416.6700134277344,34782200
2026-06-08,MSFT,411.739990234375,32086700
2026-06-09,MSFT,403.4100036621094,35317300
2026-06-10,MSFT,397.3599853515625,32576000
2026-06-11,MSFT,390.3399963378906,47224100
2026-06-12,MSFT,390.739990234375,34865800
2026-06-15,MSFT,399.760009765625,32266400
2026-06-16,MSFT,393.8299865722656,31506800
2026-06-17,MSFT,378.9100036621094,41987800
2026-06-18,MSFT,379.3999938964844,59714200
2026-06-22,MSFT,367.3399963378906,45046900
2025-06-23,GOOGL,164.7200927734375,57671000
2025-06-24,GOOGL,166.29559326171875,40524300
2025-06-25,GOOGL,170.19447326660156,35479000
2025-06-26,GOOGL,173.04632568359375,31796700
2025-06-27,GOOGL,178.02212524414062,108140200
2025-06-30,GOOGL,175.7286834716797,63378900
2025-07-01,GOOGL,175.3397979736328,35904500
2025-07-02,GOOGL,178.13182067871094,29128900
2025-07-03,GOOGL,179.019287109375,21689700
2025-07-07,GOOGL,176.28707885742188,34175600
2025-07-08,GOOGL,173.86399841308594,40442500
2025-07-09,GOOGL,176.11758422851562,43025600
2025-07-10,GOOGL,177.11471557617188,29252400
2025-07-11,GOOGL,179.67742919921875,34282900
2025-07-14,GOOGL,181.04351806640625,32536600
2025-07-15,GOOGL,181.48228454589844,33448300
2025-07-16,GOOGL,182.4495086669922,33104200
2025-07-17,GOOGL,183.0577850341797,31992600
2025-07-18,GOOGL,184.5335693359375,34014500
2025-07-21,GOOGL,189.55923461914065,45803100
2025-07-22,GOOGL,190.7957000732422,44660200
2025-07-23,GOOGL,189.68885803222656,58681900
2025-07-24,GOOGL,191.62335205078125,74881700
2025-07-25,GOOGL,192.6304626464844,39785900
2025-07-28,GOOGL,192.0321807861328,38139500
2025-07-29,GOOGL,195.19314575195312,41389200
2025-07-30,GOOGL,195.970947265625,32445400
2025-07-31,GOOGL,191.35411071777344,51329200
2025-08-01,GOOGL,188.59201049804688,34832200
2025-08-04,GOOGL,194.48516845703125,31547400
2025-08-05,GOOGL,194.11622619628903,31602300
2025-08-06,GOOGL,195.53219604492188,21562900
2025-08-07,GOOGL,195.96096801757807,26321800
2025-08-08,GOOGL,200.84703063964844,39161800
2025-08-11,GOOGL,200.42822265625,25832400
2025-08-12,GOOGL,202.76156616210935,30397900
2025-08-13,GOOGL,201.385498046875,28342900
2025-08-14,GOOGL,202.3627166748047,25230400
2025-08-15,GOOGL,203.31997680664065,34931400
2025-08-18,GOOGL,202.92111206054688,18526600
2025-08-19,GOOGL,200.99661254882807,24240200
2025-08-20,GOOGL,198.7530212402344,28955500
2025-08-21,GOOGL,199.1817626953125,19774600
2025-08-22,GOOGL,205.5037384033203,42827000
2025-08-25,GOOGL,207.8969268798828,29928900
2025-08-26,GOOGL,206.5507659912109,28464100
2025-08-27,GOOGL,206.8897857666016,23022900
2025-08-28,GOOGL,211.0379638671875,32339300
2025-08-29,GOOGL,212.30435180664065,39728400
2025-09-02,GOOGL,210.748779296875,47523000
2025-09-03,GOOGL,230.00384521484372,103336100
2025-09-04,GOOGL,231.6392059326172,51684200
2025-09-05,GOOGL,234.3314971923828,46588900
2025-09-08,GOOGL,233.5829620361328,32474700
2025-09-09,GOOGL,239.1620635986328,38061000
2025-09-10,GOOGL,238.70294189453125,35141100
2025-09-11,GOOGL,239.90060424804688,30599300
2025-09-12,GOOGL,240.3297576904297,26771600
2025-09-15,GOOGL,251.11865234375,58383800
2025-09-16,GOOGL,250.66954040527344,34109700
2025-09-17,GOOGL,249.04270935058597,34108000
2025-09-18,GOOGL,251.537841796875,31239500
2025-09-19,GOOGL,254.22259521484372,55571400
2025-09-22,GOOGL,252.03684997558597,32290500
2025-09-23,GOOGL,251.16856384277344,26628000
2025-09-24,GOOGL,246.65737915039065,28201000
2025-09-25,GOOGL,245.3100128173828,31020400
2025-09-26,GOOGL,246.0585479736328,18503200
2025-09-29,GOOGL,243.5734100341797,32505800
2025-09-30,GOOGL,242.6252899169922,34724300
2025-10-01,GOOGL,244.4217529296875,31658200
2025-10-02,GOOGL,245.210205078125,25483300
2025-10-03,GOOGL,244.8708953857422,30249600
2025-10-06,GOOGL,249.94094848632807,28894700
2025-10-07,GOOGL,245.2800750732422,23181300
2025-10-08,GOOGL,244.14230346679688,21307100
2025-10-09,GOOGL,241.05833435058597,27892100
2025-10-10,GOOGL,236.1080474853516,33180300
2025-10-13,GOOGL,243.6732177734375,24995000
2025-10-14,GOOGL,244.97067260742188,22111600
2025-10-15,GOOGL,250.53977966308597,27007700
2025-10-16,GOOGL,250.9689483642578,27997200
2025-10-17,GOOGL,252.8053436279297,29671600
2025-10-20,GOOGL,256.04901123046875,22350200
2025-10-21,GOOGL,249.9709014892578,47312100
2025-10-22,GOOGL,251.1985015869141,35029400
2025-10-23,GOOGL,252.58580017089844,19901400
2025-10-24,GOOGL,259.4124450683594,28655100
2025-10-27,GOOGL,268.744140625,35235200
2025-10-28,GOOGL,266.9476928710937,29738600
2025-10-29,GOOGL,274.0338439941406,43580300
2025-10-30,GOOGL,280.93035888671875,74876000
2025-10-31,GOOGL,280.640869140625,39267900
2025-11-03,GOOGL,283.1659545898437,29786000
2025-11-04,GOOGL,276.9980163574219,30078400
2025-11-05,GOOGL,283.7547607421875,31010300
2025-11-06,GOOGL,284.1939392089844,37173600
2025-11-07,GOOGL,278.2854919433594,34479600
2025-11-10,GOOGL,289.5334777832031,29557300
2025-11-11,GOOGL,290.7411499023437,19842100
2025-11-12,GOOGL,286.15008544921875,24829900
2025-11-13,GOOGL,278.0260009765625,29494000
2025-11-14,GOOGL,275.8702392578125,31647200
2025-11-17,GOOGL,284.46337890625,52670200
2025-11-18,GOOGL,283.724853515625,49158700
2025-11-19,GOOGL,292.2381896972656,68198900
2025-11-20,GOOGL,288.884765625,62025200
2025-11-21,GOOGL,299.0748291015625,74137700
2025-11-24,GOOGL,317.9578552246094,85165100
2025-11-25,GOOGL,322.8083801269531,88632100
2025-11-26,GOOGL,319.3252258300781,51373400
2025-11-28,GOOGL,319.5547790527344,26018600
2025-12-01,GOOGL,314.2751159667969,41183000
2025-12-02,GOOGL,315.1932678222656,35854700
2025-12-03,GOOGL,319.0057983398437,41838300
2025-12-04,GOOGL,316.999755859375,31240900
2025-12-05,GOOGL,320.642578125,28851700
2025-12-08,GOOGL,313.31219482421875,33909400
2025-12-09,GOOGL,316.66778564453125,30194000
2025-12-10,GOOGL,319.7937316894531,33428900
2025-12-11,GOOGL,312.0238342285156,42353700
2025-12-12,GOOGL,308.887939453125,35940200
2025-12-15,GOOGL,307.8193054199219,29151900
2025-12-16,GOOGL,306.1714782714844,30585000
2025-12-17,GOOGL,296.3342590332031,43930400
2025-12-18,GOOGL,302.0668029785156,33518000
2025-12-19,GOOGL,306.7607116699219,59943200
2025-12-22,GOOGL,309.3772888183594,26429900
2025-12-23,GOOGL,313.9413452148437,25478700
2025-12-24,GOOGL,313.68170166015625,10097400
2025-12-26,GOOGL,313.1024475097656,10899000
2025-12-29,GOOGL,313.1523742675781,19621800
2025-12-30,GOOGL,313.4420166015625,17380900
2025-12-31,GOOGL,312.5931091308594,16377700
2026-01-02,GOOGL,314.7403259277344,32009400
2026-01-05,GOOGL,316.1285400390625,30195600
2026-01-06,GOOGL,313.9313659667969,31212100
2026-01-07,GOOGL,321.5614318847656,35104400
2026-01-08,GOOGL,325.0169372558594,31896100
2026-01-09,GOOGL,328.14288330078125,26214200
2026-01-12,GOOGL,331.4285583496094,33923900
2026-01-13,GOOGL,335.53326416015625,33517600
2026-01-14,GOOGL,335.4034118652344,28525600
2026-01-15,GOOGL,332.3473815917969,28442400
2026-01-16,GOOGL,329.5710144042969,40341600
2026-01-20,GOOGL,321.5814208984375,35361000
2026-01-21,GOOGL,327.953125,35386600
2026-01-22,GOOGL,330.1103210449219,26253600
2026-01-23,GOOGL,327.5036926269531,27280000
2026-01-26,GOOGL,332.8267822265625,26042100
2026-01-27,GOOGL,334.1150817871094,21636200
2026-01-28,GOOGL,335.5732116699219,27434400
2026-01-29,GOOGL,337.8102722167969,39785600
2026-01-30,GOOGL,337.56060791015625,31024000
2026-02-02,GOOGL,343.24322509765625,32006100
2026-02-03,GOOGL,339.26837158203125,36506700
2026-02-04,GOOGL,332.6070556640625,70618400
2026-02-05,GOOGL,330.8193664550781,88205800
2026-02-06,GOOGL,322.4402770996094,56380500
2026-02-09,GOOGL,323.8984069824219,39640100
2026-02-10,GOOGL,318.16583251953125,39170000
2026-02-11,GOOGL,310.5557556152344,45406400
2026-02-12,GOOGL,308.5982971191406,47761300
2026-02-13,GOOGL,305.32257080078125,38499700
2026-02-17,GOOGL,301.6273498535156,39247600
2026-02-18,GOOGL,302.9356689453125,28482100
2026-02-19,GOOGL,302.456298828125,25834400
2026-02-20,GOOGL,314.5705261230469,53210800
2026-02-23,GOOGL,311.0850524902344,31423000
2026-02-24,GOOGL,310.495849609375,25615600
2026-02-25,GOOGL,312.49322509765625,29963600
2026-02-26,GOOGL,306.9804382324219,36431200
2026-02-27,GOOGL,311.354736328125,44640600
2026-03-02,GOOGL,306.1215209960937,34790200
2026-03-03,GOOGL,303.1853332519531,35497000
2026-03-04,GOOGL,302.7359619140625,29536200
2026-03-05,GOOGL,300.4888610839844,35752300
2026-03-06,GOOGL,298.1319274902344,25576900
2026-03-09,GOOGL,306.1770935058594,29312100
2026-03-10,GOOGL,306.8567199707031,23239700
2026-03-11,GOOGL,308.5157470703125,24125700
2026-03-12,GOOGL,303.3687744140625,24928300
2026-03-13,GOOGL,302.0995483398437,23693100
2026-03-16,GOOGL,305.3775939941406,23519700
2026-03-17,GOOGL,310.7344055175781,21955200
2026-03-18,GOOGL,307.5063171386719,20009800
2026-03-19,GOOGL,306.9466552734375,25075800
2026-03-20,GOOGL,300.8203125,44364100
2026-03-23,GOOGL,301.87969970703125,29326900
2026-03-24,GOOGL,290.2666320800781,36864300
2026-03-25,GOOGL,290.7563171386719,29460700
2026-03-26,GOOGL,280.7523193359375,39080600
2026-03-27,GOOGL,274.1762390136719,35890600
2026-03-30,GOOGL,273.33673095703125,35141200
2026-03-31,GOOGL,287.3883361816406,43875400
2026-04-01,GOOGL,297.2124938964844,37684500
2026-04-02,GOOGL,295.59344482421875,21666500
2026-04-06,GOOGL,299.8109130859375,16945500
2026-04-07,GOOGL,305.27764892578125,23205400
2026-04-08,GOOGL,317.1305847167969,33547100
2026-04-09,GOOGL,318.29986572265625,23739200
2026-04-10,GOOGL,317.0506286621094,19152600
2026-04-13,GOOGL,321.1181945800781,18866400
2026-04-14,GOOGL,332.7112731933594,27721400
2026-04-15,GOOGL,336.91876220703125,24918800
2026-04-16,GOOGL,335.81939697265625,20541500
2026-04-17,GOOGL,341.4760437011719,25581900
2026-04-20,GOOGL,337.2185974121094,18784200
2026-04-21,GOOGL,332.0916442871094,23123800
2026-04-22,GOOGL,339.1174621582031,20293000
2026-04-23,GOOGL,338.6877136230469,18650300
2026-04-24,GOOGL,344.19439697265625,26426100
2026-04-27,GOOGL,350.130859375,28576900
2026-04-28,GOOGL,349.5711975097656,27824100
2026-04-29,GOOGL,349.7311096191406,35376300
2026-04-30,GOOGL,384.5702819824219,72040000
2026-05-01,GOOGL,385.4597778320313,30105200
2026-05-04,GOOGL,383.0212097167969,26298600
2026-05-05,GOOGL,388.1981201171875,23878600
2026-05-06,GOOGL,397.8023986816406,31308500
2026-05-07,GOOGL,397.7524108886719,24433500
2026-05-08,GOOGL,400.5607299804688,21461800
2026-05-11,GOOGL,388.4080200195313,30753700
2026-05-12,GOOGL,387.1187744140625,26017500
2026-05-13,GOOGL,402.3796691894531,28144600
2026-05-14,GOOGL,400.8305969238281,21136700
2026-05-15,GOOGL,396.5431518554688,20309700
2026-05-18,GOOGL,396.70306396484375,26837200
2026-05-19,GOOGL,387.4285888671875,39545700
2026-05-20,GOOGL,388.6778564453125,31744400
2026-05-21,GOOGL,387.4285888671875,24852800
2026-05-22,GOOGL,382.7413940429688,20442100
2026-05-26,GOOGL,388.6478576660156,27747400
2026-05-27,GOOGL,388.5978698730469,23087300
2026-05-28,GOOGL,389.8971252441406,24357500
2026-05-29,GOOGL,380.1129455566406,44415800
2026-06-01,GOOGL,376.1453247070313,28672100
2026-06-02,GOOGL,361.6340026855469,50412300
2026-06-03,GOOGL,358.77569580078125,55441600
2026-06-04,GOOGL,371.96783447265625,44055500
2026-06-05,GOOGL,368.30999755859375,37471200
2026-06-08,GOOGL,363.30999755859375,27942500
2026-06-09,GOOGL,364.260009765625,29535100
2026-06-10,GOOGL,356.3800048828125,32357100
2026-06-11,GOOGL,357.7699890136719,35538200
2026-06-12,GOOGL,359.67999267578125,24704600
2026-06-15,GOOGL,369.3500061035156,27727500
2026-06-16,GOOGL,373.25,24876100
2026-06-17,GOOGL,363.7900085449219,24543600
2026-06-18,GOOGL,368.0299987792969,44470100
2026-06-22,GOOGL,349.67999267578125,52644300
2025-06-23,AMZN,208.47000122070312,37311700
2025-06-24,AMZN,212.7700042724609,38378800
2025-06-25,AMZN,211.9900054931641,31755700
2025-06-26,AMZN,217.1199951171875,50480800
2025-06-27,AMZN,223.3000030517578,119217100
2025-06-30,AMZN,219.38999938964844,58887800
2025-07-01,AMZN,220.4600067138672,39256800
2025-07-02,AMZN,219.9199981689453,30894200
2025-07-03,AMZN,223.41000366210935,29632400
2025-07-07,AMZN,223.47000122070312,36604100
2025-07-08,AMZN,219.3600006103516,45692000
2025-07-09,AMZN,222.5399932861328,38155100
2025-07-10,AMZN,222.25999450683597,30370600
2025-07-11,AMZN,225.0200042724609,50518300
2025-07-14,AMZN,225.69000244140625,35702600
2025-07-15,AMZN,226.3500061035156,34907300
2025-07-16,AMZN,223.19000244140625,39535900
2025-07-17,AMZN,223.8800048828125,31855800
2025-07-18,AMZN,226.1300048828125,37833800
2025-07-21,AMZN,229.3000030517578,40297600
2025-07-22,AMZN,227.47000122070312,37483700
2025-07-23,AMZN,228.2899932861328,28294900
2025-07-24,AMZN,232.22999572753903,42902300
2025-07-25,AMZN,231.44000244140625,28712100
2025-07-28,AMZN,232.7899932861328,26300100
2025-07-29,AMZN,231.00999450683597,33716200
2025-07-30,AMZN,230.19000244140625,32993300
2025-07-31,AMZN,234.1100006103516,104357300
2025-08-01,AMZN,214.75,122258800
2025-08-04,AMZN,211.6499938964844,77890100
2025-08-05,AMZN,213.75,51505100
2025-08-06,AMZN,222.30999755859372,54823000
2025-08-07,AMZN,223.1300048828125,40603500
2025-08-08,AMZN,222.69000244140625,32970500
2025-08-11,AMZN,221.3000030517578,31646200
2025-08-12,AMZN,221.47000122070312,37185800
2025-08-13,AMZN,224.55999755859372,36508300
2025-08-14,AMZN,230.97999572753903,61545800
2025-08-15,AMZN,231.02999877929688,39649200
2025-08-18,AMZN,231.4900054931641,25248900
2025-08-19,AMZN,228.00999450683597,29891000
2025-08-20,AMZN,223.80999755859372,36604300
2025-08-21,AMZN,221.9499969482422,32140500
2025-08-22,AMZN,228.83999633789065,37315300
2025-08-25,AMZN,227.94000244140625,22633700
2025-08-26,AMZN,228.7100067138672,26105400
2025-08-27,AMZN,229.1199951171875,21254500
2025-08-28,AMZN,231.6000061035156,33679600
2025-08-29,AMZN,229.0,26199200
2025-09-02,AMZN,225.33999633789065,38843900
2025-09-03,AMZN,225.9900054931641,29223100
2025-09-04,AMZN,235.67999267578125,59391800
2025-09-05,AMZN,232.3300018310547,36721800
2025-09-08,AMZN,235.83999633789065,33947100
2025-09-09,AMZN,238.2400054931641,27033800
2025-09-10,AMZN,230.3300018310547,60907700
2025-09-11,AMZN,229.9499969482422,37485600
2025-09-12,AMZN,228.1499938964844,38496200
2025-09-15,AMZN,231.42999267578125,33243300
2025-09-16,AMZN,234.0500030517578,38203900
2025-09-17,AMZN,231.6199951171875,42815200
2025-09-18,AMZN,231.22999572753903,37931700
2025-09-19,AMZN,231.47999572753903,97943200
2025-09-22,AMZN,227.6300048828125,45914500
2025-09-23,AMZN,220.7100067138672,70956200
2025-09-24,AMZN,220.2100067138672,49509000
2025-09-25,AMZN,218.1499938964844,52226300
2025-09-26,AMZN,219.77999877929688,41650100
2025-09-29,AMZN,222.1699981689453,44259200
2025-09-30,AMZN,219.57000732421875,48396400
2025-10-01,AMZN,220.6300048828125,43933800
2025-10-02,AMZN,222.41000366210935,41258600
2025-10-03,AMZN,219.50999450683597,43639000
2025-10-06,AMZN,220.8999938964844,43690900
2025-10-07,AMZN,221.77999877929688,31194700
2025-10-08,AMZN,225.22000122070312,46686000
2025-10-09,AMZN,227.7400054931641,46412100
2025-10-10,AMZN,216.3699951171875,72367500
2025-10-13,AMZN,220.07000732421875,37809700
2025-10-14,AMZN,216.38999938964844,45665600
2025-10-15,AMZN,215.57000732421875,45909500
2025-10-16,AMZN,214.47000122070312,42414600
2025-10-17,AMZN,213.0399932861328,45986900
2025-10-20,AMZN,216.47999572753903,38882800
2025-10-21,AMZN,222.02999877929688,50494600
2025-10-22,AMZN,217.9499969482422,44308500
2025-10-23,AMZN,221.08999633789065,31540000
2025-10-24,AMZN,224.2100067138672,38685100
2025-10-27,AMZN,226.97000122070312,38267000
2025-10-28,AMZN,229.25,47100000
2025-10-29,AMZN,230.3000030517578,52036200
2025-10-30,AMZN,222.8600006103516,102252900
2025-10-31,AMZN,244.22000122070312,166340800
2025-11-03,AMZN,254.0,95997800
2025-11-04,AMZN,249.32000732421875,51546300
2025-11-05,AMZN,250.1999969482422,40610700
2025-11-06,AMZN,243.0399932861328,46004200
2025-11-07,AMZN,244.41000366210935,46374300
2025-11-10,AMZN,248.3999938964844,36476500
2025-11-11,AMZN,249.1000061035156,23564100
2025-11-12,AMZN,244.1999969482422,31190100
2025-11-13,AMZN,237.5800018310547,41401700
2025-11-14,AMZN,234.69000244140625,38956700
2025-11-17,AMZN,232.8699951171875,59919000
2025-11-18,AMZN,222.5500030517578,60608400
2025-11-19,AMZN,222.69000244140625,58335600
2025-11-20,AMZN,217.13999938964844,50309000
2025-11-21,AMZN,220.69000244140625,68490500
2025-11-24,AMZN,226.27999877929688,54318400
2025-11-25,AMZN,229.6699981689453,39379300
2025-11-26,AMZN,229.16000366210935,38497900
2025-11-28,AMZN,233.22000122070312,20292300
2025-12-01,AMZN,233.8800048828125,42904000
2025-12-02,AMZN,234.4199981689453,45785400
2025-12-03,AMZN,232.3800048828125,35495100
2025-12-04,AMZN,229.1100006103516,45683200
2025-12-05,AMZN,229.52999877929688,33117400
2025-12-08,AMZN,226.88999938964844,35019200
2025-12-09,AMZN,227.9199981689453,25841700
2025-12-10,AMZN,231.77999877929688,38790700
2025-12-11,AMZN,230.27999877929688,28249600
2025-12-12,AMZN,226.19000244140625,35639100
2025-12-15,AMZN,222.5399932861328,47286100
2025-12-16,AMZN,222.55999755859372,39298900
2025-12-17,AMZN,221.2700042724609,44034400
2025-12-18,AMZN,226.75999450683597,50272400
2025-12-19,AMZN,227.3500061035156,85544400
2025-12-22,AMZN,228.42999267578125,32261300
2025-12-23,AMZN,232.13999938964844,29230200
2025-12-24,AMZN,232.3800048828125,11420500
2025-12-26,AMZN,232.5200042724609,15994700
2025-12-29,AMZN,232.07000732421875,19797900
2025-12-30,AMZN,232.52999877929688,21910500
2025-12-31,AMZN,230.82000732421875,24383700
2026-01-02,AMZN,226.5,51456200
2026-01-05,AMZN,233.05999755859372,49733300
2026-01-06,AMZN,240.92999267578125,53764700
2026-01-07,AMZN,241.55999755859372,42236500
2026-01-08,AMZN,246.2899932861328,39509800
2026-01-09,AMZN,247.3800048828125,34560000
2026-01-12,AMZN,246.47000122070312,35867800
2026-01-13,AMZN,242.6000061035156,38371800
2026-01-14,AMZN,236.6499938964844,41410600
2026-01-15,AMZN,238.17999267578125,43003600
2026-01-16,AMZN,239.1199951171875,45888300
2026-01-20,AMZN,231.0,47737900
2026-01-21,AMZN,231.30999755859372,47276100
2026-01-22,AMZN,234.33999633789065,31913300
2026-01-23,AMZN,239.16000366210935,33778500
2026-01-26,AMZN,238.4199981689453,32825500
2026-01-27,AMZN,244.67999267578125,38029200
2026-01-28,AMZN,243.00999450683597,40882700
2026-01-29,AMZN,241.72999572753903,47229600
2026-01-30,AMZN,239.3000030517578,46585000
2026-02-02,AMZN,242.9600067138672,37546100
2026-02-03,AMZN,238.6199951171875,53831300
2026-02-04,AMZN,232.9900054931641,51299900
2026-02-05,AMZN,222.69000244140625,103509200
2026-02-06,AMZN,210.32000732421875,179210900
2026-02-09,AMZN,208.72000122070312,91178400
2026-02-10,AMZN,206.9600067138672,67175000
2026-02-11,AMZN,204.0800018310547,65545500
2026-02-12,AMZN,199.6000061035156,83975400
2026-02-13,AMZN,198.7899932861328,66321600
2026-02-17,AMZN,201.1499938964844,69879200
2026-02-18,AMZN,204.7899932861328,51003300
2026-02-19,AMZN,204.8600006103516,35669600
2026-02-20,AMZN,210.1100006103516,65881600
2026-02-23,AMZN,205.2700042724609,53581500
2026-02-24,AMZN,208.55999755859372,41137200
2026-02-25,AMZN,210.63999938964844,41346400
2026-02-26,AMZN,207.9199981689453,47756800
2026-02-27,AMZN,210.0,57422800
2026-03-02,AMZN,208.38999938964844,46001000
2026-03-03,AMZN,208.72999572753903,43184900
2026-03-04,AMZN,216.82000732421875,54731100
2026-03-05,AMZN,218.94000244140625,60943400
2026-03-06,AMZN,213.2100067138672,51152700
2026-03-09,AMZN,213.4900054931641,54642900
2026-03-10,AMZN,214.3300018310547,35678800
2026-03-11,AMZN,212.6499938964844,34199300
2026-03-12,AMZN,209.52999877929688,44349500
2026-03-13,AMZN,207.6699981689453,35662100
2026-03-16,AMZN,211.7400054931641,42209300
2026-03-17,AMZN,215.1999969482422,44969900
2026-03-18,AMZN,209.8699951171875,37846600
2026-03-19,AMZN,208.75999450683597,36440600
2026-03-20,AMZN,205.3699951171875,63694600
2026-03-23,AMZN,210.13999938964844,44277400
2026-03-24,AMZN,207.2400054931641,35351400
2026-03-25,AMZN,211.7100067138672,36388800
2026-03-26,AMZN,207.5399932861328,46746000
2026-03-27,AMZN,199.33999633789065,56009800
2026-03-30,AMZN,200.9499969482422,46373800
2026-03-31,AMZN,208.2700042724609,58470100
2026-04-01,AMZN,210.57000732421875,45955400
2026-04-02,AMZN,209.7700042724609,31453000
2026-04-06,AMZN,212.7899932861328,25385500
2026-04-07,AMZN,213.7700042724609,28154600
2026-04-08,AMZN,221.25,51092700
2026-04-09,AMZN,233.6499938964844,65964200
2026-04-10,AMZN,238.3800048828125,56912800
2026-04-13,AMZN,239.88999938964844,42166200
2026-04-14,AMZN,249.0200042724609,72685000
2026-04-15,AMZN,248.5,43045200
2026-04-16,AMZN,249.6999969482422,41895700
2026-04-17,AMZN,250.55999755859372,52029300
2026-04-20,AMZN,248.27999877929688,39463100
2026-04-21,AMZN,249.91000366210935,42922400
2026-04-22,AMZN,255.3600006103516,36065100
2026-04-23,AMZN,255.0800018310547,39091400
2026-04-24,AMZN,263.989990234375,53777400
2026-04-27,AMZN,261.1199951171875,44906800
2026-04-28,AMZN,259.70001220703125,42204400
2026-04-29,AMZN,263.0400085449219,72367900
2026-04-30,AMZN,265.0599975585937,100974900
2026-05-01,AMZN,268.260009765625,50825200
2026-05-04,AMZN,272.04998779296875,49083700
2026-05-05,AMZN,273.54998779296875,41908500
2026-05-06,AMZN,274.989990234375,44552000
2026-05-07,AMZN,271.1700134277344,35892900
2026-05-08,AMZN,272.67999267578125,34732700
2026-05-11,AMZN,268.989990234375,38176700
2026-05-12,AMZN,265.82000732421875,36776200
2026-05-13,AMZN,270.1300048828125,39670900
2026-05-14,AMZN,267.2200012207031,31338400
2026-05-15,AMZN,264.1400146484375,40770300
2026-05-18,AMZN,264.8599853515625,33690800
2026-05-19,AMZN,259.3399963378906,40340700
2026-05-20,AMZN,265.010009765625,34933200
2026-05-21,AMZN,268.4599914550781,36591700
2026-05-22,AMZN,266.32000732421875,27535500
2026-05-26,AMZN,265.2900085449219,38028100
2026-05-27,AMZN,271.8500061035156,40061900
2026-05-28,AMZN,274.0,40630400
2026-05-29,AMZN,270.6400146484375,54749600
2026-06-01,AMZN,261.260009765625,53604400
2026-06-02,AMZN,256.5199890136719,41811000
2026-06-03,AMZN,250.0200042724609,51394200
2026-06-04,AMZN,253.7899932861328,35609800
2026-06-05,AMZN,246.02999877929688,55607800
2026-06-08,AMZN,245.22000122070312,33899500
2026-06-09,AMZN,244.19000244140625,44425400
2026-06-10,AMZN,238.0,38590200
2026-06-11,AMZN,241.50999450683597,41335400
2026-06-12,AMZN,238.5500030517578,51186600
2026-06-15,AMZN,246.0200042724609,41711600
2026-06-16,AMZN,246.0,35187400
2026-06-17,AMZN,237.5,44780800
2026-06-18,AMZN,244.38999938964844,75624400
2026-06-22,AMZN,232.7899932861328,68233300
2025-06-23,TSLA,348.67999267578125,190716800
2025-06-24,TSLA,340.4700012207031,114736200
2025-06-25,TSLA,327.54998779296875,119845100
2025-06-26,TSLA,325.7799987792969,80440900
2025-06-27,TSLA,323.6300048828125,89067000
2025-06-30,TSLA,317.6600036621094,76695100
2025-07-01,TSLA,300.7099914550781,145085700
2025-07-02,TSLA,315.6499938964844,119483700
2025-07-03,TSLA,315.3500061035156,58042300
2025-07-07,TSLA,293.94000244140625,131177900
2025-07-08,TSLA,297.8099975585937,103246700
2025-07-09,TSLA,295.8800048828125,75586800
2025-07-10,TSLA,309.8699951171875,104365300
2025-07-11,TSLA,313.510009765625,79236400
2025-07-14,TSLA,316.8999938964844,78043400
2025-07-15,TSLA,310.7799987792969,77556300
2025-07-16,TSLA,321.6700134277344,97284800
2025-07-17,TSLA,319.4100036621094,73922900
2025-07-18,TSLA,329.6499938964844,94255000
2025-07-21,TSLA,328.489990234375,75768800
2025-07-22,TSLA,332.1099853515625,77370400
2025-07-23,TSLA,332.5599975585937,92553800
2025-07-24,TSLA,305.29998779296875,156966000
2025-07-25,TSLA,316.0599975585937,148227000
2025-07-28,TSLA,325.5899963378906,112673800
2025-07-29,TSLA,321.20001220703125,87358900
2025-07-30,TSLA,319.0400085449219,83931900
2025-07-31,TSLA,308.2699890136719,85270900
2025-08-01,TSLA,302.6300048828125,89121400
2025-08-04,TSLA,309.260009765625,78683900
2025-08-05,TSLA,308.7200012207031,57961300
2025-08-06,TSLA,319.9100036621094,78523600
2025-08-07,TSLA,322.2699890136719,66658700
2025-08-08,TSLA,329.6499938964844,91200300
2025-08-11,TSLA,339.0299987792969,105320200
2025-08-12,TSLA,340.8399963378906,80522100
2025-08-13,TSLA,339.3800048828125,67838900
2025-08-14,TSLA,335.5799865722656,75000700
2025-08-15,TSLA,330.5599975585937,74319800
2025-08-18,TSLA,335.1600036621094,56956600
2025-08-19,TSLA,329.3099975585937,75956000
2025-08-20,TSLA,323.8999938964844,77481800
2025-08-21,TSLA,320.1099853515625,55744400
2025-08-22,TSLA,340.010009765625,94016300
2025-08-25,TSLA,346.6000061035156,86670000
2025-08-26,TSLA,351.6700134277344,76651600
2025-08-27,TSLA,349.6000061035156,65519000
2025-08-28,TSLA,345.9800109863281,67903200
2025-08-29,TSLA,333.8699951171875,81145700
2025-09-02,TSLA,329.3599853515625,58392000
2025-09-03,TSLA,334.0899963378906,88733300
2025-09-04,TSLA,338.5299987792969,60711000
2025-09-05,TSLA,350.8399963378906,108989800
2025-09-08,TSLA,346.3999938964844,75208300
2025-09-09,TSLA,346.9700012207031,53816000
2025-09-10,TSLA,347.7900085449219,72121700
2025-09-11,TSLA,368.80999755859375,103756000
2025-09-12,TSLA,395.9400024414063,168156400
2025-09-15,TSLA,410.0400085449219,163823700
2025-09-16,TSLA,421.6199951171875,104285700
2025-09-17,TSLA,425.8599853515625,106133500
2025-09-18,TSLA,416.8500061035156,90454500
2025-09-19,TSLA,426.0700073242188,93131000
2025-09-22,TSLA,434.2099914550781,97108800
2025-09-23,TSLA,425.8500061035156,83422700
2025-09-24,TSLA,442.7900085449219,93133600
2025-09-25,TSLA,423.3900146484375,96746400
2025-09-26,TSLA,440.3999938964844,101628200
2025-09-29,TSLA,443.2099914550781,79491500
2025-09-30,TSLA,444.7200012207031,74358000
2025-10-01,TSLA,459.4599914550781,98122300
2025-10-02,TSLA,436.0,137009000
2025-10-03,TSLA,429.8299865722656,133188200
2025-10-06,TSLA,453.25,85324900
2025-10-07,TSLA,433.0899963378906,102296100
2025-10-08,TSLA,438.6900024414063,71192100
2025-10-09,TSLA,435.5400085449219,69339900
2025-10-10,TSLA,413.489990234375,112107900
2025-10-13,TSLA,435.8999938964844,79552800
2025-10-14,TSLA,429.239990234375,72669400
2025-10-15,TSLA,435.1499938964844,71558200
2025-10-16,TSLA,428.75,77189900
2025-10-17,TSLA,439.30999755859375,89331600
2025-10-20,TSLA,447.4299926757813,63719000
2025-10-21,TSLA,442.6000061035156,54412200
2025-10-22,TSLA,438.9700012207031,84023500
2025-10-23,TSLA,448.9800109863281,126709800
2025-10-24,TSLA,433.7200012207031,94727800
2025-10-27,TSLA,452.4200134277344,105867500
2025-10-28,TSLA,460.5499877929688,80185700
2025-10-29,TSLA,461.510009765625,67983500
2025-10-30,TSLA,440.1000061035156,72447900
2025-10-31,TSLA,456.55999755859375,83135800
2025-11-03,TSLA,468.3699951171875,84595200
2025-11-04,TSLA,444.260009765625,87756600
2025-11-05,TSLA,462.0700073242188,85573000
2025-11-06,TSLA,445.9100036621094,109622900
2025-11-07,TSLA,429.5199890136719,103471500
2025-11-10,TSLA,445.2300109863281,76515900
2025-11-11,TSLA,439.6199951171875,60533200
2025-11-12,TSLA,430.6000061035156,58513500
2025-11-13,TSLA,401.989990234375,118948000
2025-11-14,TSLA,404.3500061035156,105506700
2025-11-17,TSLA,408.9200134277344,102214300
2025-11-18,TSLA,401.25,80688600
2025-11-19,TSLA,403.989990234375,72047700
2025-11-20,TSLA,395.2300109863281,113548800
2025-11-21,TSLA,391.0899963378906,100460600
2025-11-24,TSLA,417.7799987792969,96806400
2025-11-25,TSLA,419.3999938964844,71915600
2025-11-26,TSLA,426.5799865722656,63463000
2025-11-28,TSLA,430.1700134277344,36252900
2025-12-01,TSLA,430.1400146484375,57463600
2025-12-02,TSLA,429.239990234375,69336600
2025-12-03,TSLA,446.739990234375,87483000
2025-12-04,TSLA,454.5299987792969,71906500
2025-12-05,TSLA,455.0,56427500
2025-12-08,TSLA,439.5799865722656,69165800
2025-12-09,TSLA,445.1700134277344,62367400
2025-12-10,TSLA,451.4500122070313,63257500
2025-12-11,TSLA,446.8900146484375,55979500
2025-12-12,TSLA,458.9599914550781,95656700
2025-12-15,TSLA,475.30999755859375,114542200
2025-12-16,TSLA,489.8800048828125,107608100
2025-12-17,TSLA,467.260009765625,106490400
2025-12-18,TSLA,483.3699951171875,95168400
2025-12-19,TSLA,481.2000122070313,103305400
2025-12-22,TSLA,488.7300109863281,86916100
2025-12-23,TSLA,485.55999755859375,58223600
2025-12-24,TSLA,485.3999938964844,41285400
2025-12-26,TSLA,475.1900024414063,58780700
2025-12-29,TSLA,459.6400146484375,66263000
2025-12-30,TSLA,454.4299926757813,59238500
2025-12-31,TSLA,449.7200012207031,49078000
2026-01-02,TSLA,438.0700073242188,85535400
2026-01-05,TSLA,451.6700134277344,67940800
2026-01-06,TSLA,432.9599914550781,89093800
2026-01-07,TSLA,431.4100036621094,59828800
2026-01-08,TSLA,435.7999877929688,57041100
2026-01-09,TSLA,445.010009765625,67331500
2026-01-12,TSLA,448.9599914550781,61649600
2026-01-13,TSLA,447.2000122070313,53719200
2026-01-14,TSLA,439.2000122070313,57259500
2026-01-15,TSLA,438.5700073242188,49465800
2026-01-16,TSLA,437.5,60220600
2026-01-20,TSLA,419.25,63187300
2026-01-21,TSLA,431.4400024414063,68124000
2026-01-22,TSLA,449.3599853515625,71546700
2026-01-23,TSLA,449.05999755859375,56771400
2026-01-26,TSLA,435.2000122070313,49397400
2026-01-27,TSLA,430.8999938964844,37733100
2026-01-28,TSLA,431.4599914550781,54857400
2026-01-29,TSLA,416.55999755859375,81686100
2026-01-30,TSLA,430.4100036621094,82626100
2026-02-02,TSLA,421.80999755859375,58739500
2026-02-03,TSLA,421.9599914550781,56886500
2026-02-04,TSLA,406.010009765625,74606900
2026-02-05,TSLA,397.2099914550781,72819800
2026-02-06,TSLA,411.1099853515625,62677100
2026-02-09,TSLA,417.3200073242188,54484300
2026-02-10,TSLA,425.2099914550781,64450200
2026-02-11,TSLA,428.2699890136719,57362000
2026-02-12,TSLA,417.0700073242188,61933400
2026-02-13,TSLA,417.4400024414063,51434100
2026-02-17,TSLA,410.6300048828125,59678800
2026-02-18,TSLA,411.3200073242188,45921400
2026-02-19,TSLA,411.7099914550781,51019600
2026-02-20,TSLA,411.8200073242188,57912200
2026-02-23,TSLA,399.8299865722656,69680000
2026-02-24,TSLA,409.3800048828125,58579500
2026-02-25,TSLA,417.3999938964844,54809700
2026-02-26,TSLA,408.5799865722656,53602500
2026-02-27,TSLA,402.510009765625,56890100
2026-03-02,TSLA,403.3200073242188,55088300
2026-03-03,TSLA,392.4299926757813,62617300
2026-03-04,TSLA,405.9400024414063,68305500
2026-03-05,TSLA,405.5499877929688,51925900
2026-03-06,TSLA,396.7300109863281,64054600
2026-03-09,TSLA,398.6799926757813,67018900
2026-03-10,TSLA,399.239990234375,59258700
2026-03-11,TSLA,407.8200073242188,62559900
2026-03-12,TSLA,395.010009765625,60973800
2026-03-13,TSLA,391.2000122070313,58504100
2026-03-16,TSLA,395.55999755859375,58068300
2026-03-17,TSLA,399.2699890136719,46890500
2026-03-18,TSLA,392.7799987792969,50853100
2026-03-19,TSLA,380.2999877929688,67078300
2026-03-20,TSLA,367.9599914550781,78628600
2026-03-23,TSLA,380.8500061035156,74606000
2026-03-24,TSLA,383.0299987792969,60004900
2026-03-25,TSLA,385.9500122070313,55157300
2026-03-26,TSLA,372.1099853515625,55522900
2026-03-27,TSLA,361.8299865722656,62065700
2026-03-30,TSLA,355.2799987792969,67954400
2026-03-31,TSLA,371.75,75534900
2026-04-01,TSLA,381.260009765625,58683800
2026-04-02,TSLA,360.5899963378906,83031200
2026-04-06,TSLA,352.82000732421875,77697600
2026-04-07,TSLA,346.6499938964844,74515400
2026-04-08,TSLA,343.25,78838600
2026-04-09,TSLA,345.6199951171875,62164000
2026-04-10,TSLA,348.95001220703125,51336000
2026-04-13,TSLA,352.4200134277344,53617500
2026-04-14,TSLA,364.2000122070313,59979600
2026-04-15,TSLA,391.9500122070313,113810400
2026-04-16,TSLA,388.8999938964844,63515100
2026-04-17,TSLA,400.6199951171875,90640000
2026-04-20,TSLA,392.5,64603900
2026-04-21,TSLA,386.4200134277344,50530600
2026-04-22,TSLA,387.510009765625,62362800
2026-04-23,TSLA,373.7200012207031,93969500
2026-04-24,TSLA,376.2999877929688,62893300
2026-04-27,TSLA,378.6700134277344,66735800
2026-04-28,TSLA,376.0199890136719,50864400
2026-04-29,TSLA,372.7999877929688,45384800
2026-04-30,TSLA,381.6300048828125,51076000
2026-05-01,TSLA,390.8200073242188,65338300
2026-05-04,TSLA,392.510009765625,48765100
2026-05-05,TSLA,389.3699951171875,47780600
2026-05-06,TSLA,398.7300109863281,53465400
2026-05-07,TSLA,411.7900085449219,64294200
2026-05-08,TSLA,428.3500061035156,65050000
2026-05-11,TSLA,445.0,78376100
2026-05-12,TSLA,433.4500122070313,60569300
2026-05-13,TSLA,445.2699890136719,68283200
2026-05-14,TSLA,443.2999877929688,46070400
2026-05-15,TSLA,422.239990234375,52688700
2026-05-18,TSLA,409.989990234375,52474200
2026-05-19,TSLA,404.1099853515625,46500600
2026-05-20,TSLA,417.260009765625,45294700
2026-05-21,TSLA,417.8500061035156,42636900
2026-05-22,TSLA,426.010009765625,46104700
2026-05-26,TSLA,433.5899963378906,45658900
2026-05-27,TSLA,440.3599853515625,44656500
2026-05-28,TSLA,442.1000061035156,32435000
2026-05-29,TSLA,435.7900085449219,45176800
2026-06-01,TSLA,415.8800048828125,44937900
2026-06-02,TSLA,423.739990234375,37596000
2026-06-03,TSLA,423.7000122070313,44500700
2026-06-04,TSLA,418.4500122070313,35323300
2026-06-05,TSLA,391.0,63420200
2026-06-08,TSLA,408.9500122070313,50328800
2026-06-09,TSLA,396.6799926757813,59940200
2026-06-10,TSLA,381.5899963378906,49695600
2026-06-11,TSLA,399.1499938964844,45324300
2026-06-12,TSLA,406.4299926757813,63514500
2026-06-15,TSLA,411.1499938964844,45620500
2026-06-16,TSLA,404.6600036621094,40255500
2026-06-17,TSLA,396.3800048828125,43534300
2026-06-18,TSLA,400.489990234375,58384700
2026-06-22,TSLA,405.0499877929688,47717300
